{
  "project_info": {
    "project_number": "647395104049",
    "firebase_url": "https://gpstracking-7b809-default-rtdb.firebaseio.com",
    "project_id": "gpstracking-7b809",
    "storage_bucket": "gpstracking-7b809.appspot.com"
  },
  "client": [
    {
      "client_info": {
        "mobilesdk_app_id": "1:647395104049:android:435cdd1485699c72b64c10",
        "android_client_info": {
          "package_name": "com.example.gpstracking"
        }
      },
      "oauth_client": [
        {
          "client_id": "647395104049-pskpptr0n18f5p2j1gvvaocr0rq88v4m.apps.googleusercontent.com",
          "client_type": 3
        }
      ],
      "api_key": [
        {
          "current_key": "AIzaSyBgOna9r0zV3rSn9ke36SrTiclQWfbxGo8"
        }
      ],
      "services": {
        "appinvite_service": {
          "other_platform_oauth_client": [
            {
              "client_id": "647395104049-pskpptr0n18f5p2j1gvvaocr0rq88v4m.apps.googleusercontent.com",
              "client_type": 3
            }
          ]
        }
      }
    }
  ],
  "configuration_version": "1"
}